{"cameraMode":{"drawMode":0,"name":"Shaded","section":"Shading Mode"},"sceneLighting":false,"audioPlay":false,"sceneViewState":{"m_AlwaysRefresh":false,"showFog":true,"showSkybox":false,"showFlares":true,"showImageEffects":true,"showParticleSystems":true,"showVisualEffectGraphs":true,"m_FxEnabled":true},"in2DMode":false,"pivot":{"x":-2.390533447265625,"y":0.05570955574512482,"z":-1.2587950229644776},"rotation":{"x":-0.45683154463768008,"y":0.30322927236557009,"z":-0.16914056241512299,"w":-0.8189924359321594},"size":5.302154064178467,"orthographic":false}